{
    "name": "root",
    "metadata": {
        "timer_format_version": "0.1.0",
        "start_time_seconds": "1684094107",
        "python_version": "3.7.16 (default, Jan 17 2023, 16:06:28) [MSC v.1916 64 bit (AMD64)]",
        "command_line_arguments": "C:\\Users\\cordo\\anaconda3\\envs\\ml-agents-r17\\Scripts\\mlagents-learn config/moveToGoal.yaml --run-id=training003",
        "mlagents_version": "0.29.0",
        "mlagents_envs_version": "0.29.0",
        "communication_protocol_version": "1.5.0",
        "pytorch_version": "1.7.0+cu110",
        "numpy_version": "1.21.2",
        "end_time_seconds": "1684094269"
    },
    "total": 161.1701797,
    "count": 1,
    "self": 0.0171545999999978,
    "children": {
        "run_training.setup": {
            "total": 0.17999140000000002,
            "count": 1,
            "self": 0.17999140000000002
        },
        "TrainerController.start_learning": {
            "total": 160.9730337,
            "count": 1,
            "self": 0.08323759999970548,
            "children": {
                "TrainerController._reset_env": {
                    "total": 19.7433172,
                    "count": 1,
                    "self": 19.7433172
                },
                "TrainerController.advance": {
                    "total": 141.0307217000003,
                    "count": 3761,
                    "self": 0.08321510000007493,
                    "children": {
                        "env_step": {
                            "total": 119.0917853000001,
                            "count": 3761,
                            "self": 105.16819710000014,
                            "children": {
                                "SubprocessEnvManager._take_step": {
                                    "total": 13.854741699999877,
                                    "count": 3761,
                                    "self": 0.2548436000003207,
                                    "children": {
                                        "TorchPolicy.evaluate": {
                                            "total": 13.599898099999557,
                                            "count": 3731,
                                            "self": 3.979811299999394,
                                            "children": {
                                                "TorchPolicy.sample_actions": {
                                                    "total": 9.620086800000163,
                                                    "count": 3731,
                                                    "self": 9.620086800000163
                                                }
                                            }
                                        }
                                    }
                                },
                                "workers": {
                                    "total": 0.06884650000008108,
                                    "count": 3760,
                                    "self": 0.0,
                                    "children": {
                                        "worker_root": {
                                            "total": 80.75540060000044,
                                            "count": 3760,
                                            "is_parallel": true,
                                            "self": 41.640117700000076,
                                            "children": {
                                                "steps_from_proto": {
                                                    "total": 0.02885870000000068,
                                                    "count": 1,
                                                    "is_parallel": true,
                                                    "self": 0.00017370000000482833,
                                                    "children": {
                                                        "_process_maybe_compressed_observation": {
                                                            "total": 0.028527799999999104,
                                                            "count": 2,
                                                            "is_parallel": true,
                                                            "self": 5.589999999955353e-05,
                                                            "children": {
                                                                "_observation_to_np_array": {
                                                                    "total": 0.02847189999999955,
                                                                    "count": 1,
                                                                    "is_parallel": true,
                                                                    "self": 3.260000000082641e-05,
                                                                    "children": {
                                                                        "process_pixels": {
                                                                            "total": 0.028439299999998724,
                                                                            "count": 1,
                                                                            "is_parallel": true,
                                                                            "self": 0.0002954999999964514,
                                                                            "children": {
                                                                                "image_decompress": {
                                                                                    "total": 0.028143800000002273,
                                                                                    "count": 1,
                                                                                    "is_parallel": true,
                                                                                    "self": 0.028143800000002273
                                                                                }
                                                                            }
                                                                        }
                                                                    }
                                                                }
                                                            }
                                                        },
                                                        "_process_rank_one_or_two_observation": {
                                                            "total": 0.00015719999999674883,
                                                            "count": 4,
                                                            "is_parallel": true,
                                                            "self": 0.00015719999999674883
                                                        }
                                                    }
                                                },
                                                "UnityEnvironment.step": {
                                                    "total": 39.086424200000366,
                                                    "count": 3760,
                                                    "is_parallel": true,
                                                    "self": 0.34247999999981715,
                                                    "children": {
                                                        "UnityEnvironment._generate_step_input": {
                                                            "total": 0.2626759999998711,
                                                            "count": 3760,
                                                            "is_parallel": true,