{
    "name": "root",
    "metadata": {
        "timer_format_version": "0.1.0",
        "start_time_seconds": "1681698580",
        "python_version": "3.7.16 (default, Jan 17 2023, 16:06:28) [MSC v.1916 64 bit (AMD64)]",
        "command_line_arguments": "C:\\Users\\cordo\\anaconda3\\envs\\ml-agents-r17\\Scripts\\mlagents-learn --run-id=prac_test_001",
        "mlagents_version": "0.29.0",
        "mlagents_envs_version": "0.29.0",
        "communication_protocol_version": "1.5.0",
        "pytorch_version": "1.7.0+cu110",
        "numpy_version": "1.21.2",
        "end_time_seconds": "1681698724"
    },
    "total": 143.8428844,
    "count": 1,
    "self": 0.0062087999999960175,
    "children": {
        "run_training.setup": {
            "total": 0.08563539999999992,
            "count": 1,
            "self": 0.08563539999999992
        },
        "TrainerController.start_learning": {
            "total": 143.7510402,
            "count": 1,
            "self": 0.10653359999955114,
            "children": {
                "TrainerController._reset_env": {
                    "total": 13.4709454,
                    "count": 1,
                    "self": 13.4709454
                },
                "TrainerController.advance": {
                    "total": 130.06976870000045,
                    "count": 5572,
                    "self": 0.1098419000008164,
                    "children": {
                        "env_step": {
                            "total": 128.88497500000014,
                            "count": 5572,
                            "self": 111.46738679999986,
                            "children": {
                                "SubprocessEnvManager._take_step": {
                                    "total": 17.329062500000276,
                                    "count": 5572,
                                    "self": 0.32777830000030406,
                                    "children": {
                                        "TorchPolicy.evaluate": {
                                            "total": 17.001284199999972,
                                            "count": 5504,
                                            "self": 5.364633299999996,
                                            "children": {
                                                "TorchPolicy.sample_actions": {
                                                    "total": 11.636650899999976,
                                                    "count": 5504,
                                                    "self": 11.636650899999976
                                                }
                                            }
                                        }
                                    }
                                },
                                "workers": {
                                    "total": 0.08852570000000526,
                                    "count": 5571,
                                    "self": 0.0,
                                    "children": {
                                        "worker_root": {
                                            "total": 69.96446999999979,
                                            "count": 5571,
                                            "is_parallel": true,
                                            "self": 24.653744499999604,
                                            "children": {
                                                "steps_from_proto": {
                                                    "total": 0.0113379000000009,
                                                    "count": 1,
                                                    "is_parallel": true,
                                                    "self": 0.0001144000000010692,
                                                    "children": {
                                                        "_process_maybe_compressed_observation": {
                                                            "total": 0.011163700000000887,
                                                            "count": 2,
                                                            "is_parallel": true,
                                                            "self": 3.419999999998424e-05,
                                                            "children": {
                                                                "_observation_to_np_array": {
                                                                    "total": 0.011129500000000903,
                                                                    "count": 1,
                                                                    "is_parallel": true,
                                                                    "self": 2.390000000218606e-05,
                                                                    "children": {
                                                                        "process_pixels": {
                                                                            "total": 0.011105599999998716,
                                                                            "count": 1,
                                                                            "is_parallel": true,
                                                                            "self": 0.0002096999999992022,
                                                                            "children": {
                                                                                "image_decompress": {
                                                                                    "total": 0.010895899999999514,
                                                                                    "count": 1,
                                                                                    "is_parallel": true,
                                                                                    "self": 0.010895899999999514
                                                                                }
                                                                            }
                                                                        }
                                                                    }
                                                                }
                                                            }
                                                        },
                                                        "_process_rank_one_or_two_observation": {
                                                            "total": 5.979999999894403e-05,
                                                            "count": 2,
                                                            "is_parallel": true,
                                                            "self": 5.979999999894403e-05
                                                        }
                                                    }
                                                },
                                                "UnityEnvironment.step": {
                                                    "total": 45.29938760000019,
                                                    "count": 5571,
                                                    "is_parallel": true,
                                                    "self": 0.4362886999997855,
                                                    "children": {
                                                        "UnityEnvironment._generate_step_input": {
                                                            "total": 0.3346273000004345,
                                                            "count": 5571,
                                                            "is_parallel": true,