{
    "name": "root",
    "metadata": {
        "timer_format_version": "0.1.0",
        "start_time_seconds": "1684094473",
        "python_version": "3.7.16 (default, Jan 17 2023, 16:06:28) [MSC v.1916 64 bit (AMD64)]",
        "command_line_arguments": "C:\\Users\\cordo\\anaconda3\\envs\\ml-agents-r17\\Scripts\\mlagents-learn config/moveToGoal.yaml --run-id=training004",
        "mlagents_version": "0.29.0",
        "mlagents_envs_version": "0.29.0",
        "communication_protocol_version": "1.5.0",
        "pytorch_version": "1.7.0+cu110",
        "numpy_version": "1.21.2",
        "end_time_seconds": "1684094603"
    },
    "total": 129.70840449999997,
    "count": 1,
    "self": 0.017005299999965473,
    "children": {
        "run_training.setup": {
            "total": 0.1744973999999999,
            "count": 1,
            "self": 0.1744973999999999
        },
        "TrainerController.start_learning": {
            "total": 129.5169018,
            "count": 1,
            "self": 0.057879999999613574,
            "children": {
                "TrainerController._reset_env": {
                    "total": 11.6389895,
                    "count": 1,
                    "self": 11.6389895
                },
                "TrainerController.advance": {
                    "total": 117.69874220000037,
                    "count": 2870,
                    "self": 0.05800990000088291,
                    "children": {
                        "env_step": {
                            "total": 102.61029139999968,
                            "count": 2870,
                            "self": 92.4795514999999,
                            "children": {
                                "SubprocessEnvManager._take_step": {
                                    "total": 10.081829399999975,
                                    "count": 2870,
                                    "self": 0.18328040000007206,
                                    "children": {
                                        "TorchPolicy.evaluate": {
                                            "total": 9.898548999999903,
                                            "count": 2847,
                                            "self": 2.9318422999998894,
                                            "children": {
                                                "TorchPolicy.sample_actions": {
                                                    "total": 6.966706700000014,
                                                    "count": 2847,
                                                    "self": 6.966706700000014
                                                }
                                            }
                                        }
                                    }
                                },
                                "workers": {
                                    "total": 0.04891049999980268,
                                    "count": 2869,
                                    "self": 0.0,
                                    "children": {
                                        "worker_root": {
                                            "total": 57.2279352,
                                            "count": 2869,
                                            "is_parallel": true,
                                            "self": 29.54133620000018,
                                            "children": {
                                                "steps_from_proto": {
                                                    "total": 0.029400900000000618,
                                                    "count": 1,
                                                    "is_parallel": true,
                                                    "self": 0.0001420999999997008,
                                                    "children": {
                                                        "_process_maybe_compressed_observation": {
                                                            "total": 0.029137400000001534,
                                                            "count": 2,
                                                            "is_parallel": true,
                                                            "self": 4.660000000100695e-05,
                                                            "children": {
                                                                "_observation_to_np_array": {
                                                                    "total": 0.029090800000000527,
                                                                    "count": 1,
                                                                    "is_parallel": true,
                                                                    "self": 4.0300000000215164e-05,
                                                                    "children": {
                                                                        "process_pixels": {
                                                                            "total": 0.029050500000000312,
                                                                            "count": 1,
                                                                            "is_parallel": true,
                                                                            "self": 0.00022640000000073712,
                                                                            "children": {
                                                                                "image_decompress": {
                                                                                    "total": 0.028824099999999575,
                                                                                    "count": 1,
                                                                                    "is_parallel": true,
                                                                                    "self": 0.028824099999999575
                                                                                }
                                                                            }
                                                                        }
                                                                    }
                                                                }
                                                            }
                                                        },
                                                        "_process_rank_one_or_two_observation": {
                                                            "total": 0.00012139999999938311,
                                                            "count": 4,
                                                            "is_parallel": true,
                                                            "self": 0.00012139999999938311
                                                        }
                                                    }
                                                },
                                                "UnityEnvironment.step": {
                                                    "total": 27.657198099999817,
                                                    "count": 2869,
                                                    "is_parallel": true,
                                                    "self": 0.24749489999973662,
                                                    "children": {
                                                        "UnityEnvironment._generate_step_input": {
                                                            "total": 0.1908426999999353,
                                                            "count": 2869,
                                                            "is_parallel": true,