{
    "name": "root",
    "metadata": {
        "timer_format_version": "0.1.0",
        "start_time_seconds": "1681702998",
        "python_version": "3.7.16 (default, Jan 17 2023, 16:06:28) [MSC v.1916 64 bit (AMD64)]",
        "command_line_arguments": "C:\\Users\\cordo\\anaconda3\\envs\\ml-agents-r17\\Scripts\\mlagents-learn --run-id=prac_test_002",
        "mlagents_version": "0.29.0",
        "mlagents_envs_version": "0.29.0",
        "communication_protocol_version": "1.5.0",
        "pytorch_version": "1.7.0+cu110",
        "numpy_version": "1.21.2",
        "end_time_seconds": "1681703145"
    },
    "total": 147.5324856,
    "count": 1,
    "self": 0.006197600000007242,
    "children": {
        "run_training.setup": {
            "total": 0.08570069999999985,
            "count": 1,
            "self": 0.08570069999999985
        },
        "TrainerController.start_learning": {
            "total": 147.4405873,
            "count": 1,
            "self": 0.09506519999962393,
            "children": {
                "TrainerController._reset_env": {
                    "total": 19.1217226,
                    "count": 1,
                    "self": 19.1217226
                },
                "TrainerController.advance": {
                    "total": 128.11244650000037,
                    "count": 5366,
                    "self": 0.09876790000035385,
                    "children": {
                        "env_step": {
                            "total": 126.9518101999997,
                            "count": 5366,
                            "self": 110.26012939999964,
                            "children": {
                                "SubprocessEnvManager._take_step": {
                                    "total": 16.61250119999997,
                                    "count": 5366,
                                    "self": 0.28524629999984086,
                                    "children": {
                                        "TorchPolicy.evaluate": {
                                            "total": 16.327254900000128,
                                            "count": 5304,
                                            "self": 5.292902900000033,
                                            "children": {
                                                "TorchPolicy.sample_actions": {
                                                    "total": 11.034352000000094,
                                                    "count": 5304,
                                                    "self": 11.034352000000094
                                                }
                                            }
                                        }
                                    }
                                },
                                "workers": {
                                    "total": 0.07917960000009217,
                                    "count": 5365,
                                    "self": 0.0,
                                    "children": {
                                        "worker_root": {
                                            "total": 68.11667060000042,
                                            "count": 5365,
                                            "is_parallel": true,
                                            "self": 23.560088600000093,
                                            "children": {
                                                "steps_from_proto": {
                                                    "total": 0.01065770000000299,
                                                    "count": 1,
                                                    "is_parallel": true,
                                                    "self": 0.00011499999999742272,
                                                    "children": {
                                                        "_process_maybe_compressed_observation": {
                                                            "total": 0.010441900000000004,
                                                            "count": 2,
                                                            "is_parallel": true,
                                                            "self": 3.560000000035757e-05,
                                                            "children": {
                                                                "_observation_to_np_array": {
                                                                    "total": 0.010406299999999646,
                                                                    "count": 1,
                                                                    "is_parallel": true,
                                                                    "self": 2.3299999998727117e-05,
                                                                    "children": {
                                                                        "process_pixels": {
                                                                            "total": 0.01038300000000092,
                                                                            "count": 1,
                                                                            "is_parallel": true,
                                                                            "self": 0.00020560000000102718,
                                                                            "children": {
                                                                                "image_decompress": {
                                                                                    "total": 0.010177399999999892,
                                                                                    "count": 1,
                                                                                    "is_parallel": true,
                                                                                    "self": 0.010177399999999892
                                                                                }
                                                                            }
                                                                        }
                                                                    }
                                                                }
                                                            }
                                                        },
                                                        "_process_rank_one_or_two_observation": {
                                                            "total": 0.0001008000000055631,
                                                            "count": 4,
                                                            "is_parallel": true,
                                                            "self": 0.0001008000000055631
                                                        }
                                                    }
                                                },
                                                "UnityEnvironment.step": {
                                                    "total": 44.54592430000032,
                                                    "count": 5365,
                                                    "is_parallel": true,
                                                    "self": 0.41014530000008875,
                                                    "children": {
                                                        "UnityEnvironment._generate_step_input": {
                                                            "total": 0.2978229000002912,
                                                            "count": 5365,
                                                            "is_parallel": true,