{
    "name": "root",
    "metadata": {
        "timer_format_version": "0.1.0",
        "start_time_seconds": "1684029902",
        "python_version": "3.7.16 (default, Jan 17 2023, 16:06:28) [MSC v.1916 64 bit (AMD64)]",
        "command_line_arguments": "C:\\Users\\cordo\\anaconda3\\envs\\ml-agents-r17\\Scripts\\mlagents-learn config/moveToGoal.yaml --run-id=prac_test_004 --resume",
        "mlagents_version": "0.29.0",
        "mlagents_envs_version": "0.29.0",
        "communication_protocol_version": "1.5.0",
        "pytorch_version": "1.7.0+cu110",
        "numpy_version": "1.21.2",
        "end_time_seconds": "1684030030"
    },
    "total": 128.1906858,
    "count": 1,
    "self": 0.011157100000019682,
    "children": {
        "run_training.setup": {
            "total": 0.2539016000000003,
            "count": 1,
            "self": 0.2539016000000003
        },
        "TrainerController.start_learning": {
            "total": 127.92562709999999,
            "count": 1,
            "self": 0.02466169999983947,
            "children": {
                "TrainerController._reset_env": {
                    "total": 42.3787473,
                    "count": 1,
                    "self": 42.3787473
                },
                "TrainerController.advance": {
                    "total": 85.35632200000015,
                    "count": 1199,
                    "self": 0.02612700000027246,
                    "children": {
                        "env_step": {
                            "total": 79.00816189999993,
                            "count": 1199,
                            "self": 73.85792909999967,
                            "children": {
                                "SubprocessEnvManager._take_step": {
                                    "total": 5.129026300000056,
                                    "count": 1199,
                                    "self": 0.08334349999996249,
                                    "children": {
                                        "TorchPolicy.evaluate": {
                                            "total": 5.045682800000094,
                                            "count": 1184,
                                            "self": 1.18244130000015,
                                            "children": {
                                                "TorchPolicy.sample_actions": {
                                                    "total": 3.863241499999944,
                                                    "count": 1184,
                                                    "self": 3.863241499999944
                                                }
                                            }
                                        }
                                    }
                                },
                                "workers": {
                                    "total": 0.021206500000204187,
                                    "count": 1198,
                                    "self": 0.0,
                                    "children": {
                                        "worker_root": {
                                            "total": 23.475565399999965,
                                            "count": 1198,
                                            "is_parallel": true,
                                            "self": 14.19522700000001,
                                            "children": {
                                                "steps_from_proto": {
                                                    "total": 0.02545459999999622,
                                                    "count": 1,
                                                    "is_parallel": true,
                                                    "self": 0.00012170000000111258,
                                                    "children": {
                                                        "_process_maybe_compressed_observation": {
                                                            "total": 0.02522510000000011,
                                                            "count": 2,
                                                            "is_parallel": true,
                                                            "self": 5.3899999997497616e-05,
                                                            "children": {
                                                                "_observation_to_np_array": {
                                                                    "total": 0.025171200000002614,
                                                                    "count": 1,
                                                                    "is_parallel": true,
                                                                    "self": 2.5299999997230316e-05,
                                                                    "children": {
                                                                        "process_pixels": {
                                                                            "total": 0.025145900000005383,
                                                                            "count": 1,
                                                                            "is_parallel": true,
                                                                            "self": 0.00023709999999965703,
                                                                            "children": {
                                                                                "image_decompress": {
                                                                                    "total": 0.024908800000005726,
                                                                                    "count": 1,
                                                                                    "is_parallel": true,
                                                                                    "self": 0.024908800000005726
                                                                                }
                                                                            }
                                                                        }
                                                                    }
                                                                }
                                                            }
                                                        },
                                                        "_process_rank_one_or_two_observation": {
                                                            "total": 0.00010779999999499523,
                                                            "count": 4,
                                                            "is_parallel": true,
                                                            "self": 0.00010779999999499523
                                                        }
                                                    }
                                                },
                                                "UnityEnvironment.step": {
                                                    "total": 9.25488379999996,
                                                    "count": 1198,
                                                    "is_parallel": true,
                                                    "self": 0.10729189999995015,
                                                    "children": {
                                                        "UnityEnvironment._generate_step_input": {
                                                            "total": 0.08536799999998834,
                                                            "count": 1198,
                                                            "is_parallel": true,