{
    "name": "root",
    "metadata": {
        "timer_format_version": "0.1.0",
        "start_time_seconds": "1684013786",
        "python_version": "3.7.16 (default, Jan 17 2023, 16:06:28) [MSC v.1916 64 bit (AMD64)]",
        "command_line_arguments": "C:\\Users\\cordo\\anaconda3\\envs\\ml-agents-r17\\Scripts\\mlagents-learn config/moveToGoal.yaml --run-id=prac_test_004 --resume",
        "mlagents_version": "0.29.0",
        "mlagents_envs_version": "0.29.0",
        "communication_protocol_version": "1.5.0",
        "pytorch_version": "1.7.0+cu110",
        "numpy_version": "1.21.2",
        "end_time_seconds": "1684013888"
    },
    "total": 102.3020942,
    "count": 1,
    "self": 0.0067921999999924765,
    "children": {
        "run_training.setup": {
            "total": 0.16595229999999983,
            "count": 1,
            "self": 0.16595229999999983
        },
        "TrainerController.start_learning": {
            "total": 102.1293497,
            "count": 1,
            "self": 0.015205300000019406,
            "children": {
                "TrainerController._reset_env": {
                    "total": 26.2558481,
                    "count": 1,
                    "self": 26.2558481
                },
                "TrainerController.advance": {
                    "total": 75.72015209999998,
                    "count": 697,
                    "self": 0.0163047999998156,
                    "children": {
                        "env_step": {
                            "total": 72.23906390000012,
                            "count": 697,
                            "self": 68.47108130000021,
                            "children": {
                                "SubprocessEnvManager._take_step": {
                                    "total": 3.755108599999943,
                                    "count": 697,
                                    "self": 0.049094399999948024,
                                    "children": {
                                        "TorchPolicy.evaluate": {
                                            "total": 3.706014199999995,
                                            "count": 691,
                                            "self": 0.6703658000000061,
                                            "children": {
                                                "TorchPolicy.sample_actions": {
                                                    "total": 3.035648399999989,
                                                    "count": 691,
                                                    "self": 3.035648399999989
                                                }
                                            }
                                        }
                                    }
                                },
                                "workers": {
                                    "total": 0.012873999999968078,
                                    "count": 696,
                                    "self": 0.0,
                                    "children": {
                                        "worker_root": {
                                            "total": 15.271871300000107,
                                            "count": 696,
                                            "is_parallel": true,
                                            "self": 9.560896800000087,
                                            "children": {
                                                "steps_from_proto": {
                                                    "total": 0.022413700000001313,
                                                    "count": 1,
                                                    "is_parallel": true,
                                                    "self": 0.00015009999999904267,
                                                    "children": {
                                                        "_process_maybe_compressed_observation": {
                                                            "total": 0.022118500000001262,
                                                            "count": 2,
                                                            "is_parallel": true,
                                                            "self": 4.980000000287532e-05,
                                                            "children": {
                                                                "_observation_to_np_array": {
                                                                    "total": 0.022068699999998387,
                                                                    "count": 1,
                                                                    "is_parallel": true,
                                                                    "self": 2.8899999996667702e-05,
                                                                    "children": {
                                                                        "process_pixels": {
                                                                            "total": 0.02203980000000172,
                                                                            "count": 1,
                                                                            "is_parallel": true,
                                                                            "self": 0.0002826000000020201,
                                                                            "children": {
                                                                                "image_decompress": {
                                                                                    "total": 0.0217571999999997,
                                                                                    "count": 1,
                                                                                    "is_parallel": true,
                                                                                    "self": 0.0217571999999997
                                                                                }
                                                                            }
                                                                        }
                                                                    }
                                                                }
                                                            }
                                                        },
                                                        "_process_rank_one_or_two_observation": {
                                                            "total": 0.0001451000000010083,
                                                            "count": 4,
                                                            "is_parallel": true,
                                                            "self": 0.0001451000000010083
                                                        }
                                                    }
                                                },
                                                "UnityEnvironment.step": {
                                                    "total": 5.688560800000019,
                                                    "count": 696,
                                                    "is_parallel": true,
                                                    "self": 0.06538850000006846,
                                                    "children": {
                                                        "UnityEnvironment._generate_step_input": {
                                                            "total": 0.049191799999874775,
                                                            "count": 696,
                                                            "is_parallel": true,