{
    "name": "root",
    "metadata": {
        "timer_format_version": "0.1.0",
        "start_time_seconds": "1684018005",
        "python_version": "3.7.16 (default, Jan 17 2023, 16:06:28) [MSC v.1916 64 bit (AMD64)]",
        "command_line_arguments": "C:\\Users\\cordo\\anaconda3\\envs\\ml-agents-r17\\Scripts\\mlagents-learn config/moveToGoal.yaml --run-id=prac_test_004 --resume",
        "mlagents_version": "0.29.0",
        "mlagents_envs_version": "0.29.0",
        "communication_protocol_version": "1.5.0",
        "pytorch_version": "1.7.0+cu110",
        "numpy_version": "1.21.2",
        "end_time_seconds": "1684018110"
    },
    "total": 104.2776156,
    "count": 1,
    "self": 0.013164900000006696,
    "children": {
        "run_training.setup": {
            "total": 0.3968594999999999,
            "count": 1,
            "self": 0.3968594999999999
        },
        "TrainerController.start_learning": {
            "total": 103.86759119999999,
            "count": 1,
            "self": 0.018564599999962184,
            "children": {
                "TrainerController._reset_env": {
                    "total": 20.6904432,
                    "count": 1,
                    "self": 20.6904432
                },
                "TrainerController.advance": {
                    "total": 83.00513560000003,
                    "count": 711,
                    "self": 0.019093199999971944,
                    "children": {
                        "env_step": {
                            "total": 78.54612650000009,
                            "count": 711,
                            "self": 73.54474520000008,
                            "children": {
                                "SubprocessEnvManager._take_step": {
                                    "total": 4.985933299999971,
                                    "count": 711,
                                    "self": 0.05781979999995457,
                                    "children": {
                                        "TorchPolicy.evaluate": {
                                            "total": 4.928113500000016,
                                            "count": 701,
                                            "self": 0.7987696999999763,
                                            "children": {
                                                "TorchPolicy.sample_actions": {
                                                    "total": 4.12934380000004,
                                                    "count": 701,
                                                    "self": 4.12934380000004
                                                }
                                            }
                                        }
                                    }
                                },
                                "workers": {
                                    "total": 0.01544800000003832,
                                    "count": 710,
                                    "self": 0.0,
                                    "children": {
                                        "worker_root": {
                                            "total": 21.35811119999993,
                                            "count": 710,
                                            "is_parallel": true,
                                            "self": 12.333368900000046,
                                            "children": {
                                                "steps_from_proto": {
                                                    "total": 0.03454330000000283,
                                                    "count": 1,
                                                    "is_parallel": true,
                                                    "self": 0.0001871999999956131,
                                                    "children": {
                                                        "_process_maybe_compressed_observation": {
                                                            "total": 0.03418760000000276,
                                                            "count": 2,
                                                            "is_parallel": true,
                                                            "self": 5.9600000000159525e-05,
                                                            "children": {
                                                                "_observation_to_np_array": {
                                                                    "total": 0.0341280000000026,
                                                                    "count": 1,
                                                                    "is_parallel": true,
                                                                    "self": 3.540000000157306e-05,
                                                                    "children": {
                                                                        "process_pixels": {
                                                                            "total": 0.03409260000000103,
                                                                            "count": 1,
                                                                            "is_parallel": true,
                                                                            "self": 0.00031999999999854367,
                                                                            "children": {
                                                                                "image_decompress": {
                                                                                    "total": 0.033772600000002484,
                                                                                    "count": 1,
                                                                                    "is_parallel": true,
                                                                                    "self": 0.033772600000002484
                                                                                }
                                                                            }
                                                                        }
                                                                    }
                                                                }
                                                            }
                                                        },
                                                        "_process_rank_one_or_two_observation": {
                                                            "total": 0.00016850000000445675,
                                                            "count": 4,
                                                            "is_parallel": true,
                                                            "self": 0.00016850000000445675
                                                        }
                                                    }
                                                },
                                                "UnityEnvironment.step": {
                                                    "total": 8.99019899999988,
                                                    "count": 710,
                                                    "is_parallel": true,
                                                    "self": 0.07805009999988499,
                                                    "children": {
                                                        "UnityEnvironment._generate_step_input": {
                                                            "total": 0.05882610000001165,
                                                            "count": 710,
                                                            "is_parallel": true,