{
    "name": "root",
    "metadata": {
        "timer_format_version": "0.1.0",
        "start_time_seconds": "1684093787",
        "python_version": "3.7.16 (default, Jan 17 2023, 16:06:28) [MSC v.1916 64 bit (AMD64)]",
        "command_line_arguments": "C:\\Users\\cordo\\anaconda3\\envs\\ml-agents-r17\\Scripts\\mlagents-learn config/moveToGoal.yaml --run-id=training002",
        "mlagents_version": "0.29.0",
        "mlagents_envs_version": "0.29.0",
        "communication_protocol_version": "1.5.0",
        "pytorch_version": "1.7.0+cu110",
        "numpy_version": "1.21.2",
        "end_time_seconds": "1684093924"
    },
    "total": 136.5681932,
    "count": 1,
    "self": 0.0170958000000212,
    "children": {
        "run_training.setup": {
            "total": 0.15725790000000006,
            "count": 1,
            "self": 0.15725790000000006
        },
        "TrainerController.start_learning": {
            "total": 136.39383949999998,
            "count": 1,
            "self": 0.06747089999990408,
            "children": {
                "TrainerController._reset_env": {
                    "total": 9.0545478,
                    "count": 1,
                    "self": 9.0545478
                },
                "TrainerController.advance": {
                    "total": 127.15747390000007,
                    "count": 3426,
                    "self": 0.0692640000001461,
                    "children": {
                        "env_step": {
                            "total": 108.66074620000002,
                            "count": 3426,
                            "self": 97.07321769999983,
                            "children": {
                                "SubprocessEnvManager._take_step": {
                                    "total": 11.53171089999992,
                                    "count": 3426,
                                    "self": 0.21397190000002375,
                                    "children": {
                                        "TorchPolicy.evaluate": {
                                            "total": 11.317738999999897,
                                            "count": 3401,
                                            "self": 3.351219400000087,
                                            "children": {
                                                "TorchPolicy.sample_actions": {
                                                    "total": 7.96651959999981,
                                                    "count": 3401,
                                                    "self": 7.96651959999981
                                                }
                                            }
                                        }
                                    }
                                },
                                "workers": {
                                    "total": 0.055817600000272805,
                                    "count": 3425,
                                    "self": 0.0,
                                    "children": {
                                        "worker_root": {
                                            "total": 66.64398069999973,
                                            "count": 3425,
                                            "is_parallel": true,
                                            "self": 34.9519620999996,
                                            "children": {
                                                "steps_from_proto": {
                                                    "total": 0.026571699999999865,
                                                    "count": 1,
                                                    "is_parallel": true,
                                                    "self": 0.00015209999999843404,
                                                    "children": {
                                                        "_process_maybe_compressed_observation": {
                                                            "total": 0.02629330000000074,
                                                            "count": 2,
                                                            "is_parallel": true,
                                                            "self": 5.7500000001375895e-05,
                                                            "children": {
                                                                "_observation_to_np_array": {
                                                                    "total": 0.026235799999999365,
                                                                    "count": 1,
                                                                    "is_parallel": true,
                                                                    "self": 3.789999999970206e-05,
                                                                    "children": {
                                                                        "process_pixels": {
                                                                            "total": 0.026197899999999663,
                                                                            "count": 1,
                                                                            "is_parallel": true,
                                                                            "self": 0.0002594000000000207,
                                                                            "children": {
                                                                                "image_decompress": {
                                                                                    "total": 0.025938499999999642,
                                                                                    "count": 1,
                                                                                    "is_parallel": true,
                                                                                    "self": 0.025938499999999642
                                                                                }
                                                                            }
                                                                        }
                                                                    }
                                                                }
                                                            }
                                                        },
                                                        "_process_rank_one_or_two_observation": {
                                                            "total": 0.00012630000000068975,
                                                            "count": 4,
                                                            "is_parallel": true,
                                                            "self": 0.00012630000000068975
                                                        }
                                                    }
                                                },
                                                "UnityEnvironment.step": {
                                                    "total": 31.66544690000013,
                                                    "count": 3425,
                                                    "is_parallel": true,
                                                    "self": 0.28784189999979404,
                                                    "children": {
                                                        "UnityEnvironment._generate_step_input": {
                                                            "total": 0.21829400000006594,
                                                            "count": 3425,
                                                            "is_parallel": true,