{
    "name": "root",
    "metadata": {
        "timer_format_version": "0.1.0",
        "start_time_seconds": "1681704242",
        "python_version": "3.7.16 (default, Jan 17 2023, 16:06:28) [MSC v.1916 64 bit (AMD64)]",
        "command_line_arguments": "C:\\Users\\cordo\\anaconda3\\envs\\ml-agents-r17\\Scripts\\mlagents-learn --run-id=prac_test_003 --resume",
        "mlagents_version": "0.29.0",
        "mlagents_envs_version": "0.29.0",
        "communication_protocol_version": "1.5.0",
        "pytorch_version": "1.7.0+cu110",
        "numpy_version": "1.21.2",
        "end_time_seconds": "1681704366"
    },
    "total": 123.45096749999999,
    "count": 1,
    "self": 10.005830599999996,
    "children": {
        "run_training.setup": {
            "total": 0.08915030000000002,
            "count": 1,
            "self": 0.08915030000000002
        },
        "TrainerController.start_learning": {
            "total": 113.3559866,
            "count": 1,
            "self": 0.13848610000044914,
            "children": {
                "TrainerController._reset_env": {
                    "total": 6.352364,
                    "count": 1,
                    "self": 6.352364
                },
                "TrainerController.advance": {
                    "total": 106.71741639999955,
                    "count": 7401,
                    "self": 0.14235350000019764,
                    "children": {
                        "env_step": {
                            "total": 105.14825589999973,
                            "count": 7401,
                            "self": 82.14167689999931,
                            "children": {
                                "SubprocessEnvManager._take_step": {
                                    "total": 22.88790020000005,
                                    "count": 7402,
                                    "self": 0.4155795000000069,
                                    "children": {
                                        "TorchPolicy.evaluate": {
                                            "total": 22.472320700000044,
                                            "count": 7338,
                                            "self": 7.3735253000003915,
                                            "children": {
                                                "TorchPolicy.sample_actions": {
                                                    "total": 15.098795399999652,
                                                    "count": 7338,
                                                    "self": 15.098795399999652
                                                }
                                            }
                                        }
                                    }
                                },
                                "workers": {
                                    "total": 0.11867880000036735,
                                    "count": 7400,
                                    "self": 0.0,
                                    "children": {
                                        "worker_root": {
                                            "total": 92.48917920000054,
                                            "count": 7400,
                                            "is_parallel": true,
                                            "self": 32.28485080000007,
                                            "children": {
                                                "steps_from_proto": {
                                                    "total": 0.022865499999999095,
                                                    "count": 2,
                                                    "is_parallel": true,
                                                    "self": 0.0003540000000006316,
                                                    "children": {
                                                        "_process_maybe_compressed_observation": {
                                                            "total": 0.022160099999998017,
                                                            "count": 4,
                                                            "is_parallel": true,
                                                            "self": 0.00010339999999775529,
                                                            "children": {
                                                                "_observation_to_np_array": {
                                                                    "total": 0.022056700000000262,
                                                                    "count": 2,
                                                                    "is_parallel": true,
                                                                    "self": 6.909999999926697e-05,
                                                                    "children": {
                                                                        "process_pixels": {
                                                                            "total": 0.021987600000000995,
                                                                            "count": 2,
                                                                            "is_parallel": true,
                                                                            "self": 0.00044530000000087,
                                                                            "children": {
                                                                                "image_decompress": {
                                                                                    "total": 0.021542300000000125,
                                                                                    "count": 2,
                                                                                    "is_parallel": true,
                                                                                    "self": 0.021542300000000125
                                                                                }
                                                                            }
                                                                        }
                                                                    }
                                                                }
                                                            }
                                                        },
                                                        "_process_rank_one_or_two_observation": {
                                                            "total": 0.0003514000000004458,
                                                            "count": 8,
                                                            "is_parallel": true,
                                                            "self": 0.0003514000000004458
                                                        }
                                                    }
                                                },
                                                "UnityEnvironment.step": {
                                                    "total": 60.18146290000046,
                                                    "count": 7400,
                                                    "is_parallel": true,
                                                    "self": 0.6436299000003771,
                                                    "children": {
                                                        "UnityEnvironment._generate_step_input": {
                                                            "total": 0.43640730000011807,
                                                            "count": 7400,
                                                            "is_parallel": true,