{
    "name": "root",
    "gauges": {
        "MoveToGoal.Policy.Entropy.mean": {
            "value": 1.3915014266967773,
            "min": 1.3915014266967773,
            "max": 1.3915014266967773,
            "count": 1
        },
        "MoveToGoal.Policy.Entropy.sum": {
            "value": 14180.791015625,
            "min": 14180.791015625,
            "max": 14180.791015625,
            "count": 1
        },
        "MoveToGoal.Environment.EpisodeLength.mean": {
            "value": 213.11904761904762,
            "min": 213.11904761904762,
            "max": 213.11904761904762,
            "count": 1
        },
        "MoveToGoal.Environment.EpisodeLength.sum": {
            "value": 8951.0,
            "min": 8951.0,
            "max": 8951.0,
            "count": 1
        },
        "MoveToGoal.Step.mean": {
            "value": 9953.0,
            "min": 9953.0,
            "max": 9953.0,
            "count": 1
        },
        "MoveToGoal.Step.sum": {
            "value": 9953.0,
            "min": 9953.0,
            "max": 9953.0,
            "count": 1
        },
        "MoveToGoal.Policy.ExtrinsicValueEstimate.mean": {
            "value": 48.92702865600586,
            "min": 48.92702865600586,
            "max": 48.92702865600586,
            "count": 1
        },
        "MoveToGoal.Policy.ExtrinsicValueEstimate.sum": {
            "value": 8464.3759765625,
            "min": 8464.3759765625,
            "max": 8464.3759765625,
            "count": 1
        },
        "MoveToGoal.Environment.CumulativeReward.mean": {
            "value": -0.7142857142857143,
            "min": -0.7142857142857143,
            "max": -0.7142857142857143,
            "count": 1
        },
        "MoveToGoal.Environment.CumulativeReward.sum": {
            "value": -30.0,
            "min": -30.0,
            "max": -30.0,
            "count": 1
        },
        "MoveToGoal.Policy.ExtrinsicReward.mean": {
            "value": -0.7142857142857143,
            "min": -0.7142857142857143,
            "max": -0.7142857142857143,
            "count": 1
        },
        "MoveToGoal.Policy.ExtrinsicReward.sum": {
            "value": -30.0,
            "min": -30.0,
            "max": -30.0,
            "count": 1
        },
        "MoveToGoal.Losses.PolicyLoss.mean": {
            "value": 0.24958654298521898,
            "min": 0.24958654298521898,
            "max": 0.24958654298521898,
            "count": 1
        },
        "MoveToGoal.Losses.PolicyLoss.sum": {
            "value": 18.219817637920986,
            "min": 18.219817637920986,
            "max": 18.219817637920986,
            "count": 1
        },
        "MoveToGoal.Losses.ValueLoss.mean": {
            "value": 1443.4539416349512,
            "min": 1443.4539416349512,
            "max": 1443.4539416349512,
            "count": 1
        },
        "MoveToGoal.Losses.ValueLoss.sum": {
            "value": 105372.13773935144,
            "min": 105372.13773935144,
            "max": 105372.13773935144,
            "count": 1
        },
        "MoveToGoal.Policy.LearningRate.mean": {
            "value": 0.00029703595989212327,
            "min": 0.00029703595989212327,
            "max": 0.00029703595989212327,
            "count": 1
        },
        "MoveToGoal.Policy.LearningRate.sum": {
            "value": 0.021683625072125,
            "min": 0.021683625072125,
            "max": 0.021683625072125,
            "count": 1
        },
        "MoveToGoal.Policy.Epsilon.mean": {
            "value": 0.19901198630136988,
            "min": 0.19901198630136988,
            "max": 0.19901198630136988,
            "count": 1
        },
        "MoveToGoal.Policy.Epsilon.sum": {
            "value": 14.527875000000002,
            "min": 14.527875000000002,
            "max": 14.527875000000002,
            "count": 1
        },
        "MoveToGoal.Policy.Beta.mean": {
            "value": 0.0004951587328767123,
            "min": 0.0004951587328767123,
            "max": 0.0004951587328767123,
            "count": 1
        },
        "MoveToGoal.Policy.Beta.sum": {
            "value": 0.0361465875,
            "min": 0.0361465875,
            "max": 0.0361465875,
            "count": 1
        },
        "MoveToGoal.IsTraining.mean": {
            "value": 1.0,
            "min": 1.0,
            "max": 1.0,
            "count": 1
        },
        "MoveToGoal.IsTraining.sum": {
            "value": 1.0,
            "min": 1.0,
            "max": 1.0,
            "count": 1
        }
    },
    "metadata": {
        "timer_format_version": "0.1.0",
        "start_time_seconds": "1680485317",
        "python_version": "3.7.16 (default, Jan 17 2023, 16:06:28) [MSC v.1916 64 bit (AMD64)]",
        "command_line_arguments": "C:\\Users\\cordo\\anaconda3\\envs\\ml-agents-r17\\Scripts\\mlagents-learn config/moveToGoal.yaml --run-id=test1 --force",
        "mlagents_version": "0.29.0",
        "mlagents_envs_version": "0.29.0",
        "communication_protocol_version": "1.5.0",
        "pytorch_version": "1.7.0+cu110",
        "numpy_version": "1.21.2",
        "end_time_seconds": "1680485436"
    },
    "total": 119.0482651,
    "count": 1,
    "self": 10.006646099999998,
    "children": {
        "run_training.setup": {
            "total": 0.09300759999999997,
            "count": 1,
            "self": 0.09300759999999997
        },
        "TrainerController.start_learning": {
            "total": 108.9486114,
            "count": 1,
            "self": 0.08805270000023313,
            "children": {
                "TrainerController._reset_env": {
                    "total": 9.6910404,
                    "count": 1,
                    "self": 9.6910404
                },
                "TrainerController.advance": {
                    "total": 99.08126449999976,
                    "count": 4488,
                    "self": 0.09507729999931769,
                    "children": {
                        "env_step": {
                            "total": 53.54612700000017,
                            "count": 4488,
                            "self": 38.10882190000046,
                            "children": {
                                "SubprocessEnvManager._take_step": {
                                    "total": 15.382383000000043,
                                    "count": 4489,
                                    "self": 0.2866840999998175,
                                    "children": {
                                        "TorchPolicy.evaluate": {
                                            "total": 15.095698900000226,
                                            "count": 4458,
                                            "self": 8.819044100000433,
                                            "children": {
                                                "TorchPolicy.sample_actions": {
                                                    "total": 6.276654799999793,
                                                    "count": 4458,
                                                    "self": 6.276654799999793
                                                }
                                            }
                                        }
                                    }
                                },
                                "workers": {
                                    "total": 0.054922099999666685,
                                    "count": 4487,
                                    "self": 0.0,
                                    "children": {
                                        "worker_root": {
                                            "total": 96.34635610000042,
                                            "count": 4487,
                                            "is_parallel": true,
                                            "self": 66.33266380000038,