{
    "name": "root",
    "gauges": {
        "MoveToGoal.Policy.Entropy.mean": {
            "value": 1.3980541229248047,
            "min": 1.3980541229248047,
            "max": 1.3980541229248047,
            "count": 1
        },
        "MoveToGoal.Policy.Entropy.sum": {
            "value": 14050.443359375,
            "min": 14050.443359375,
            "max": 14050.443359375,
            "count": 1
        },
        "MoveToGoal.Step.mean": {
            "value": 9986.0,
            "min": 9986.0,
            "max": 9986.0,
            "count": 1
        },
        "MoveToGoal.Step.sum": {
            "value": 9986.0,
            "min": 9986.0,
            "max": 9986.0,
            "count": 1
        },
        "MoveToGoal.Policy.ExtrinsicValueEstimate.mean": {
            "value": -0.34508204460144043,
            "min": -0.34508204460144043,
            "max": -0.34508204460144043,
            "count": 1
        },
        "MoveToGoal.Policy.ExtrinsicValueEstimate.sum": {
            "value": -61.42460632324219,
            "min": -61.42460632324219,
            "max": -61.42460632324219,
            "count": 1
        },
        "MoveToGoal.Environment.EpisodeLength.mean": {
            "value": 200.375,
            "min": 200.375,
            "max": 200.375,
            "count": 1
        },
        "MoveToGoal.Environment.EpisodeLength.sum": {
            "value": 9618.0,
            "min": 9618.0,
            "max": 9618.0,
            "count": 1
        },
        "MoveToGoal.Environment.CumulativeReward.mean": {
            "value": -0.9166666666666666,
            "min": -0.9166666666666666,
            "max": -0.9166666666666666,
            "count": 1
        },
        "MoveToGoal.Environment.CumulativeReward.sum": {
            "value": -44.0,
            "min": -44.0,
            "max": -44.0,
            "count": 1
        },
        "MoveToGoal.Policy.ExtrinsicReward.mean": {
            "value": -0.9166666666666666,
            "min": -0.9166666666666666,
            "max": -0.9166666666666666,
            "count": 1
        },
        "MoveToGoal.Policy.ExtrinsicReward.sum": {
            "value": -44.0,
            "min": -44.0,
            "max": -44.0,
            "count": 1
        },
        "MoveToGoal.Losses.PolicyLoss.mean": {
            "value": 0.24324667683149,
            "min": 0.24324667683149,
            "max": 0.24324667683149,
            "count": 1
        },
        "MoveToGoal.Losses.PolicyLoss.sum": {
            "value": 18.72999411602473,
            "min": 18.72999411602473,
            "max": 18.72999411602473,
            "count": 1
        },
        "MoveToGoal.Losses.ValueLoss.mean": {
            "value": 0.03331315089317248,
            "min": 0.03331315089317248,
            "max": 0.03331315089317248,
            "count": 1
        },
        "MoveToGoal.Losses.ValueLoss.sum": {
            "value": 2.565112618774281,
            "min": 2.565112618774281,
            "max": 2.565112618774281,
            "count": 1
        },
        "MoveToGoal.Policy.LearningRate.mean": {
            "value": 0.00029701288930739214,
            "min": 0.00029701288930739214,
            "max": 0.00029701288930739214,
            "count": 1
        },
        "MoveToGoal.Policy.LearningRate.sum": {
            "value": 0.022869992476669196,
            "min": 0.022869992476669196,
            "max": 0.022869992476669196,
            "count": 1
        },
        "MoveToGoal.Policy.Epsilon.mean": {
            "value": 0.1990042961038961,
            "min": 0.1990042961038961,
            "max": 0.1990042961038961,
            "count": 1
        },
        "MoveToGoal.Policy.Epsilon.sum": {
            "value": 15.3233308,
            "min": 15.3233308,
            "max": 15.3233308,
            "count": 1
        },
        "MoveToGoal.Policy.Beta.mean": {
            "value": 0.0004951210509090908,
            "min": 0.0004951210509090908,
            "max": 0.0004951210509090908,
            "count": 1
        },
        "MoveToGoal.Policy.Beta.sum": {
            "value": 0.038124320919999996,
            "min": 0.038124320919999996,
            "max": 0.038124320919999996,
            "count": 1
        },
        "MoveToGoal.IsTraining.mean": {
            "value": 1.0,
            "min": 1.0,
            "max": 1.0,
            "count": 1
        },
        "MoveToGoal.IsTraining.sum": {
            "value": 1.0,
            "min": 1.0,
            "max": 1.0,
            "count": 1
        }
    },
    "metadata": {
        "timer_format_version": "0.1.0",
        "start_time_seconds": "1681676109",
        "python_version": "3.7.16 (default, Jan 17 2023, 16:06:28) [MSC v.1916 64 bit (AMD64)]",
        "command_line_arguments": "C:\\Users\\cordo\\anaconda3\\envs\\ml-agents-r17\\Scripts\\mlagents-learn config/moveToGoal.yaml --run-id=test5 --force",
        "mlagents_version": "0.29.0",
        "mlagents_envs_version": "0.29.0",
        "communication_protocol_version": "1.5.0",
        "pytorch_version": "1.7.0+cu110",
        "numpy_version": "1.21.2",
        "end_time_seconds": "1681676442"
    },
    "total": 333.2347725,
    "count": 1,
    "self": 0.006671200000027966,
    "children": {
        "run_training.setup": {
            "total": 0.09040840000000006,
            "count": 1,
            "self": 0.09040840000000006
        },
        "TrainerController.start_learning": {
            "total": 333.1376929,
            "count": 1,
            "self": 0.38789600000109203,
            "children": {
                "TrainerController._reset_env": {
                    "total": 7.9558895,
                    "count": 1,
                    "self": 7.9558895
                },
                "TrainerController.advance": {
                    "total": 324.68761609999893,
                    "count": 19650,
                    "self": 0.4108829000016385,
                    "children": {
                        "env_step": {
                            "total": 253.18955199999962,
                            "count": 19650,
                            "self": 198.49722750000146,
                            "children": {
                                "SubprocessEnvManager._take_step": {
                                    "total": 54.45107549999874,
                                    "count": 19650,
                                    "self": 1.1716173999997181,
                                    "children": {
                                        "TorchPolicy.evaluate": {
                                            "total": 53.27945809999902,
                                            "count": 19611,
                                            "self": 26.39986179999699,
                                            "children": {
                                                "TorchPolicy.sample_actions": {
                                                    "total": 26.879596300002028,
                                                    "count": 19611,
                                                    "self": 26.879596300002028
                                                }
                                            }
                                        }
                                    }
                                },
                                "workers": {
                                    "total": 0.24124899999942961,
                                    "count": 19649,
                                    "self": 0.0,
                                    "children": {
                                        "worker_root": {
                                            "total": 265.64544499999556,
                                            "count": 19649,
                                            "is_parallel": true,
                                            "self": 144.80908149999652,